username,password,role
Zorita,NXB24GCR2UJ,government
Zeus,QVR22YDY2KM,hospital_admin
Zeph,ANC44JEV6RU,media
Zelenia,GKA63JIO3OD,media
Yoshio,BMJ67BPN8GJ,government
Yen,DMK87KYM7PP,hospital_admin
Yardley,BIV71LHW1AD,government
Yael,EKA03ITC4YD,media
Xenos,BFJ33NRM8GW,doctor
Xander,QER64UWT2TR,media
Wyoming,ROD65YPT5DU,doctor
Wynne,MUY60FRI7XR,doctor
William,QDK44QAY8AM,media
Whoopi,XRE18ZUZ9LD,government
Warren,WZM98GYR6LR,hospital_admin
Wanda,ZNV89LUW9BJ,hospital_admin
Vincent,BKM06JZZ9IO,doctor
Victor,FLA38JYL6MV,media
Vernon,ANS79GCF9VG,government
Vera,CPI98OXL8GO,hospital_admin
Vaughan,TUM48FKQ1NT,media
Uta,QBC66KAC9BU,government
Urielle,BQN95IYU3YM,doctor
Uriel,LXG52DCO0HA,government
Upton,OJA21GKR1JF,hospital_admin
Tobias,FKH94ZIL7BH,hospital_admin
Tiger,EMY29UAT7NK,doctor
Taylor,TRQ18KUD6RW,government
Tarik,ELX81XXR2LE,media
Tara,GYY81LLB1TS,hospital_admin
Tana,CBB43YBH0OY,media
Tallulah,ZYZ30UUP6SP,hospital_admin
Sybil,WAF29TBZ7ZL,doctor
Stuart,AND51PET9ZO,government
Stephanie,OYC92KCF4KK,government
Stacey,TUN86MBE3FH,media
Sonya,MCY85DCN0WD,hospital_admin
Skyler,EQL06DNN3MG,media
Shannon,WXG56QDB4MK,media
Shafira,BKR54MXM1MW,hospital_admin
September,OYV27DDW5CY,doctor
Sebastian,DKU65CVI1UA,media
Sawyer,HZB44MNS3RS,doctor
Sara,OHR62JAA8KK,hospital_admin
Sage,NNA31UIH1ZO,hospital_admin
Ruth,AMY94SYO5IX,government
Roth,IRN78XVM9LP,doctor
Rooney,AVK99RJC5CL,media
Rogan,WCI50PSE8VW,government
Rinah,LGN01KIS6ZK,government
Rhona,CSR96LCU0MS,hospital_admin
Rhiannon,SEK61NVI1OK,media
Reuben,ESP06CRY4XW,media
Reese,LAO87EKV2QI,hospital_admin
Reed,BLZ85PYM1SK,media
Reece,OJH06YFQ1BK,doctor
Rebecca,SFP95EVL6RG,media
Rafael,SMH90LES2II,government
Rae,DLE58WPK0WB,media
Quintessa,WRJ64DIR3XN,hospital_admin
Quinn,QIK17NLU9SP,government
Quin,EME25QZG0RG,doctor
Quentin,JPY93BZV3MC,doctor
Priscilla,XQT17GVN7VC,media
Preston,WFW53URL0SC,doctor
Portia,YGV50PJQ8VQ,doctor
Porter,ONB73PJY2YW,hospital_admin
Philip,UCO91DUX1MF,hospital_admin
Phelan,ZNF89NRH6HM,media
Petra,TXG31UEK7ZC,government
Peter,YSF21IZE6LU,media
Pearl,NDC96YWG1ZT,hospital_admin
Patience,TZX85UZQ6NO,government
Palmer,KFP12SLE4LK,government
Paki,ZBD29CLJ7ST,hospital_admin
Oren,WUX34XPH9OB,media
Ora,LMQ89LMP3NA,doctor
Omar,TIJ16KEN7QM,government
Oliver,EDH06QVS0DE,hospital_admin
Odysseus,BFW79LQI2BI,doctor
Ocean,SOB29OPJ4QV,government
Noble,HQN31OAZ0MV,media
Nita,TJC52BGG3DV,government
Nina,ORF43PGQ1PG,hospital_admin
Nigel,IDN93LHQ0HG,hospital_admin
Nelle,UYG69IEQ6CX,government
Nash,VHW79UXV8IB,hospital_admin
Nadine,PDV72RWQ4MF,hospital_admin
Murphy,TGA98OXM6JD,doctor
Moses,GZO62MXX8OZ,hospital_admin
Montana,PHD31YML8EZ,media
Molly,UGV06KTP4AG,government
Mikayla,KWF48GEO2PT,media
Michelle,CRL59QGX2WY,media
Michael,UCD26MKE8GV,government
Micah,OLE72KDD5DI,media
Mia,DYP05FXY5ZA,government
Merritt,ULH38HDB9UF,government
Megan,KFB78FHA1TN,hospital_admin
Matthew,WKM47XON4SJ,government
Mary,YXK92MCF4FR,government
Marvin,SUU44VIC2ZO,media
Martin,UBF01PPT9BM,hospital_admin
Marsden,QKV36ENH6WO,government
Mark,JAM97MMP6HE,doctor
Margaret,UYW61VFS1PG,doctor
Maile,MFE19CBE4WB,media
Madison,NNU55DJZ1PE,doctor
Lysandra,IMM09DUQ8PW,media
Lyle,NKL80YIM3IH,government
Lucian,RWQ69FJE3GY,media
Lucas,GMO89WND4VV,doctor
Lois,UDQ15RUO6SW,government
Logan,QYQ22GHG2AM,government
Lila,GMK70ZTX1UW,hospital_admin
Liberty,EFJ20VOT6KQ,government
Lester,IOQ42FZY0HL,media
Leroy,UZD50ZCV0LF,hospital_admin
Latifah,LFP34LNH9DR,government
Lara,DMN01CIW7RU,government
Lamar,XIX21CFT6UJ,doctor
Lacy,JRX46EGF2PR,media
Kirsten,KMZ27TTM1FI,media
Kirby,UUP48TRA8LA,hospital_admin
Kiayada,BXU09DHK4BA,doctor
Kiara,WQT91HUO8KC,hospital_admin
Kennan,JJA82XGH9HX,government
Kasimir,IIW86UBE7XE,doctor
Kaseem,EPE46DIR1CB,media
Kadeem,LEV85AGL2QD,hospital_admin
Judah,HMI33LTO8QE,doctor
Jorden,FIX63WDY9TL,media
Jordan,OHZ56IAB9YH,government
John,XKB08ENY2GU,doctor
Joelle,EUZ65CCB5XH,government
Jillian,LKC06DLJ6HG,government
Jessica,RKH20QHL5CF,media
Jescie,PBF52DQA6SC,doctor
Jermaine,SVE95VTG9EW,doctor
Jenna,MLB09HSA9VK,government
Jasper,NVS43JOU4DY,government
Jarrod,IVW07TYB2YS,media
Jaquelyn,MXQ99GAH1OW,doctor
Jana,EXN16GQI5FI,hospital_admin
Jameson,IXF70DVX6KG,media
Ivan,TEE75JIA4NF,hospital_admin
Iris,KKN94HGF8TV,government
Iona,IWR61ZLA8HW,doctor
Iola,CHJ06JOU1CH,media
Ima,LMC20QIZ7PI,media
Illiana,ABC00IPY3GJ,government
Igor,CBA57SSG4IJ,hospital_admin
Idona,ZZJ93QQJ4MK,hospital_admin
Idola,VRS16KYL9DG,government
Hunter,RRO41DEW0YN,media
Hilel,GJC91IJC4UY,doctor
Hilda,KZO51KLI3GZ,doctor
Heidi,JMX03DAA4WE,doctor
Hedy,XMU63OGD5TF,media
Hayes,PVH10KEQ1NL,government
Hayden,DTL10HKY2TW,hospital_admin
Haviva,KYQ43PCA1ZW,government
Hasad,RSK30UXS0TE,doctor
Harrison,JIG21AMN8HA,government
Harper,QYP79CQQ1CM,government
Harding,NJN54QSU1XO,media
Hannah,EIR29ZEC9EG,media
Hall,FXG19BPD2NG,government
Griffith,UCR52THI9WQ,government
Gregory,AOV31CSJ4WF,media
Graiden,RQZ80ATL4GI,doctor
Grady,AQI30RCD2RV,doctor
Grace,UGF87HLC5PM,media
Gloria,EUY87SRQ2PU,hospital_admin
Gemma,BPJ40VMZ1GC,government
Gavin,DCR40GYY6EK,media
Gareth,AOQ14AXN6TE,hospital_admin
Gail,VFP33JMH6CP,doctor
Gabriel,JYA15FUI6EP,media
Francis,CGG53TSK1VN,media
Francesca,HUM05YIU8OG,government
Frances,UZC92YTP7HK,hospital_admin
Forrest,DHD82OBM4CY,media
Fleur,MPW66HDJ6SJ,government
Fletcher,ESU14RAQ2MV,media
Ferris,IHB65WJP4FT,hospital_admin
Ezekiel,CUU12QHW1KM,hospital_admin
Eve,LHC24LZX0BS,media
Eugenia,XXL00TKO3TC,media
Erica,FMZ57CYZ8DL,media
Emma,QKR52YKW2EQ,government
Elvis,OUJ00XES8DB,hospital_admin
Elton,MJE17DLF8XL,government
Elmo,MPP46CHU1TX,media
Elizabeth,MBB69CBR0ET,doctor
Elaine,NNS24NWE3VQ,government
Eaton,TIW90CRG8LZ,doctor
Eagan,JRC02FYV3GG,doctor
Duncan,DMJ36VUC0BL,media
Drake,EBB77XGA2OY,hospital_admin
Donovan,ZTH37LWE7BS,media
Diana,ALG02HFQ8ZH,media
Derek,RTM88IJX7JC,doctor
Deanna,MIX58POH3BY,hospital_admin
David,APO18DZY7WQ,doctor
Darryl,GMB90UOD8NY,government
Darrel,VDQ99LCG7EW,doctor
Danielle,FTW63FJN5HE,media
Damon,ITW75YJF0VD,government
Dalton,USS54UVU4SP,doctor
Cruz,AHF40PFF8WD,government
Conan,BMK40ZUY3GP,media
Colt,BZS98MQO6TQ,hospital_admin
Colin,QJO11WMV2CS,government
Cody,DOM84HJY3LD,hospital_admin
Clio,LDK58CFK5KR,doctor
Clayton,GPX83IGG2GT,doctor
Chloe,XRY35OTI1CJ,government
Chiquita,ZHR14KDG9VN,government
Charlotte,ELS13HIS8ZR,media
Charity,HRZ20FCH0UC,media
Charissa,EGH02GAM6BR,government
Chaney,AKY12KWM4DB,hospital_admin
Chaim,IYK22PDS1JK,government
Cedric,PWL00GDQ3OK,doctor
Cassandra,KVB12QGL5YQ,doctor
Cassady,AEP44CXL9IV,doctor
Carlos,TGF76CEA5WK,hospital_admin
Camilla,XHX27MYW8SH,media
Cameron,AXE73CJT6AR,hospital_admin
Callie,PHF46RKE4JN,government
Cairo,NZI02QTL8FM,government
Buffy,PWZ74OID5KT,media
Brynn,BYX98MQL1LJ,government
Brock,LOW78LFT4TY,government
Brett,DNL41XRC8GE,hospital_admin
Brenden,LTE92UTL9CM,hospital_admin
Brendan,VJR04RLE6KS,doctor
Blossom,FSO47GFK1EV,hospital_admin
Blaze,URK75EGP8YO,media
Blake,CDS91LFY7SF,hospital_admin
Bianca,CZE40AOH4EK,media
Bethany,LMA76RXY3HH,government
Baxter,RTC13FJC8XX,hospital_admin
Baker,PGK06JGW5MH,hospital_admin
Avye,NKK31RHC7FX,media
Ashton,FNP54OBQ0SS,media
Asher,WME43LGV4QD,media
Armand,OAI68JEA2DC,hospital_admin
Aphrodite,SXH78TNO2GM,media
Angela,EXN94AUL8WP,media
Amir,LSV44VOQ7LL,media
Althea,NDI49ANW1IM,hospital_admin
Allistair,BSX60UGI2RQ,doctor
Aline,OCP14UVI0TX,hospital_admin
Alika,YOB05KMY8GP,doctor
Alexander,FGN47MZK3GL,doctor
Akeem,LJZ59ZZR7EZ,hospital_admin
Ainsley,GIS68VNU7BG,hospital_admin
Aileen,KYL33AIS4FF,government
Aidan,UMI88PHJ2HV,government
Adrian,UCF95GFW0OW,hospital_admin
Abra,BBQ76SKM6EN,government